011|lat="48.189966939389706" lon="17.13774642907083"|IP7||||||R13|
012|lat="48.189991917461157" lon="17.137657664716244"|||||||R13|
013|lat="48.190007507801056" lon="17.137537216767669"|IP7||||||R13|
014|lat="48.189883371815085" lon="17.137405537068844"|C12|IP7|||||R13|
016|lat="48.190301461145282" lon="17.136680753901601"|C12|C13|||||R13|
017|lat="48.19076070562005" lon="17.135780202224851"|C8|C13|||||R13|
019|lat="48.191105034202337" lon="17.135139992460608"|C8|C8X|||||R13|
21|N48° 09.320' E17° 08.768'|IP7||||||2001|
26|lat="48.162345131859183" lon="17.089900262653828"|||||||R12|
28|lat="48.162462813779712" lon="17.089756513014436"|IS40B||||||R12|
30|lat="48.162567252293229" lon="17.089563393965364"|E16B|IS40F|||||R12|
31|lat="48.162683257833123" lon="17.089437916874886"|C24A||||||R12|
32|lat="48.163570398464799" lon="17.088046185672283"|C24B||||||R12|
0032|48.13039842993021, 17.219795370474458|C24A||||||O8|
33|lat="48.163599316030741" lon="17.087781066074967"|||||||R12|
34|lat="48.163598142564297" lon="17.087781233713031"|IS40F||||||R12|
36|lat="48.163724709302187" lon="17.087396504357457"|E16B||||||R12|
38|lat="48.164199879392982" lon="17.085686847567558"|E16B||||||R12|
39|lat="48.165046032518148" lon="17.083193399012089"|C24A||||||R12|
40|lat="48.165446352213621" lon="17.082073492929339"|C24B||||||R12|
41|lat="48.165383487939835" lon="17.082083383575082"|C24A|IS4F|||||R12|
42|lat="48.165314672514796" lon="17.082214141264558"|||||||R12|
0042|48.129229070618749, 17.217104695737362|C24A||||||O8|
43|lat="48.165002530440688" lon="17.083146292716265"|E16C||||||R12|
44|lat="48.164449743926525" lon="17.08474094979465"|E16C||||||R12|
45|lat="48.164102481678128" lon="17.085858676582575"|E16C||||||R12|
46|lat="48.163497978821397" lon="17.087903609499335"|C24A|E16C|||||R12|
47|lat="48.162752324715257" lon="17.089152429252863"|C24B|IS40B|||||R12|
48|lat="48.162596253678203" lon="17.089395755901933"|||||||R12|
49|lat="48.1624910607934" lon="17.089562807232141"|IS40F||||||R12|
50|lat="48.162319734692574" lon="17.08982122130692"|||||||R12|
0051|48.128933859989047, 17.216408075764775|C24B||||||O8|
052|N48° 09.237' E17° 08.810'|IP7|IP7|||||R26|
053|N48° 09.230' E17° 08.783'|IP7|IP7|||||R26|
054|N48° 09.234' E17° 08.777'|IP7|IP7|||||R26|
055|N48° 09.251' E17° 08.766'|IP7||||||R26|
56|lat="48.135829232633114" lon="17.117175729945302"|C8|C12|||||R18|
57|lat="48.135888576507568" lon="17.117173634469509"|C13|IP7|||||R18|
58|lat="48.140002498403192" lon="17.117420230060816"|C13||||||R18|
59|lat="48.140205340459943" lon="17.117366921156645"|C12||||||R18|
60|lat="48.140397872775793" lon="17.117421571165323"|C13||||||R18|
61|lat="48.14093666151166" lon="17.116943467408419"|C13|C13X|IP7||||R18|
0061|48.128650803118944, 17.215749677270651|||||||R18|
62|N48° 08.601' E17° 06.794'|C24A|IS40B|IS40D||||O1|
65|lat="48.143104556947947" lon="17.113589867949486"|C24A||||||R18|O1
66|lat="48.142511788755655" lon="17.114445744082332"|C24A||||||R18|
67|lat="48.142045335844159" lon="17.115122834220529"|C24B||||||R18|
68|lat="48.14134519547224" lon="17.116183396428823"|C25||||||R18|
69|lat="48.141251569613814" lon="17.116295462474227"|C8||||||R18|
70|lat="48.140942193567753" lon="17.116739619523287"|C13|IP7|||||R18|
71|lat="48.151571871712804" lon="17.109704939648509"|||||||R12|
0071|48.128496408462524, 17.215391183272004|C24A||||||O8|
72|lat="48.151359474286437" lon="17.109520202502608"|||||||R12|
73|lat="48.14930934458971" lon="17.108567347750068"|||||||R12|
74|lat="48.149249581620097" lon="17.108525689691305"|||||||R12|
75|lat="48.149264333769679" lon="17.108599869534373"|||||||R12|
76|N48° 07.399' E17° 06.869'|C12||||||5006|
77|N48° 07.366' E17° 06.873'|||||||5006|
78|N48° 07.377' E17° 06.821'|C12|IP7|||||5006|
79|N48° 07.371' E17° 06.812'|IP7||||||5006|
80|N48° 07.387' E17° 06.791'|C12||||||5006|
81|N48° 07.402' E17° 06.768'|||||||5006|
0081|48.127728961408138, 17.213617404922843|C24A||||||O8|
85|N48° 06.007' E17° 07.900'|B3||||||001|
86|N48° 09.603' E17° 07.328'|IP7||||||O3|
87|N48° 09.597' E17° 07.347'|IP7||||||O3|
89|N48° 09.375' E17° 03.543'|IS40F||||||R11|
090|N48° 08.742' E17° 04.194'|C12||||||004|
0091|48.12755461782217, 17.213193448260427|C24B||||||O8|
0101|lat="48.189809191972017" lon="17.138077598065138"|C12|IP7|||||R13|
0102|48.126539150252938, 17.212852723896503|C24A||||||O8|
0153|48.125186813995242, 17.21127332188189|C24B||||||O8|
0182|48.125101821497083, 17.211397793143988|C24A||||||O8|
0202|48.126204293221235, 17.212592465803027|C24B||||||O8|
0212|48.126585753634572, 17.213122872635722|C24A||||||O8|
0222|48.128143781796098, 17.216771431267262|C24B||||||O8|
0232|48.128365818411112, 17.21730787307024|C24A||||||O8|
0242|48.129708347842097, 17.220439771190286|C24B||||||O8|
0252|48.129788227379322, 17.220686869695783|C8||||||O8|
0262|48.130027195438743, 17.221203865483403|C8X|IP7|||||O8|
0272|N48° 07.786' E17° 13.102'|C24A||||||O8|
662|N48° 09.455' E17° 05.895'|C12|B3|||||R12|
663|N48° 09.368' E17° 06.099'|B3||||||R12|
669|"48.148000007495284, 17.071871040388942"|C12||||||R11|
670|"48.147948039695621, 17.072722977027297"|C12||||||R11|
671|"48.146440973505378, 17.075699977576733"|C8|C8|||||R11|
672|"48.143978035077453, 17.074905959889293"|IP7||||||R11|
673|"48.143975017592311, 17.074909983202815"|||||||R11|
674|"48.144453037530184, 17.075095977634192"|C8|IP7|||||R11|004
675|"48.144453037530184, 17.075821598991752"|||||||004|
676|"48.137902999296784, 17.074824990704656"|||||||004|
677|"48.138145990669727, 17.074905037879944"|||||||001|004
678|"48.143933024257421, 17.07509296014905"|||||||R11|
679|"48.143287030979991, 17.07930201664567"|||||||R11|
680|"48.141491962596774, 17.088021961972117"|C12|C12|||||R11|
681|"48.141245031729341, 17.089233985170722"|C12|C12|||||R11|
682|"48.14115802757442, 17.090090028941631"|C12|C12|||||R11|
684|"48.139658086001873, 17.105156164616346"|C12|C12X|||||R11|
687|"48.148194970563054, 17.129007959738374"|C13||||||R26|
689|"48.141750963404775, 17.154012015089393"|||||||2001|
690|"48.144462006166577, 17.15377296321094"|C13|IS40F|||||2001|
691|"48.14446703530848, 17.153671039268374"|C12|C12X|IS40H||||2001|
692|"48.144515985623002, 17.152505032718182"|C16|IP7||||ZOSADNI Z BICYKLA|2001|
693|"48.144563008099794, 17.15267401188612"|||||||2001|
694|"48.144540963694453, 17.152651967480779"|||||||2001|
695|"48.145268009975553, 17.151389988139272"|C12||||||2001|
696|"48.148480039089918, 17.150213001295924"|C12||||||2001|
697|"48.148753959685564, 17.150364965200424"|||||||2001|
699|"48.150118784978986, 17.149305073544383"|C12||||||2001|
700|"48.150216015055776, 17.14921697974205"|C12||||||2001|
702|"48.153990972787142, 17.146875998005271"|C12|C12X|||||2001|
703|"48.15413162112236, 17.14687641710043"|C12|C12X|||||2001|
709|"48.158765975385904, 17.176971975713968"|C12|C16||||ZÍĎ Z BICYKLA|R16|
710|"48.15864603035152, 17.175121000036597"|||||||R16|
711|"48.15841200761497, 17.17183998785913"|||||||R16|
712|"48.158407984301448, 17.171694980934262"|C12||||||R16|
713|"48.158029960468411, 17.166595011949539"|C12||||||R16|
714|"48.158023003488779, 17.166450005024672"|C12||||||R16|
715|"48.157827034592628, 17.16410499997437"|C12||||||R16|
716|"48.157779006287456, 17.163074025884271"|IP7||||||R16|
717|"48.157743969932199, 17.162700025364757"|C12|IP7|||||R16|
718|"48.157365024089813, 17.156648961827159"|||||||R16|
719|"48.157319007441401, 17.156183011829853"|C12||||||R16|
720|"48.15710099413991, 17.155000995844603"|C12||||||R16|
721|"48.156839981675148, 17.151082037016749"|C12||||||R16|
722|"48.156911982223392, 17.150718010962009"|C12||||||R16|
723|"48.156791031360626, 17.150413999333978"|C12||||||R16|
724|"48.156720958650112, 17.149561978876591"|C12||||||R16|
725|"48.156491965055466, 17.146533010527492"|||||||R16|
732|"48.153425026684999, 17.171836970373988"|C12|IS40D|||||S563|
733|"48.151612021028996, 17.172096977010369"|||||||S563|
734|"48.148567965254188, 17.205934971570969"|C12|C12X|||||R16|
735|"48.148317011073232, 17.206512987613678"|C12||||||R16|
736|"48.148659998551011, 17.206978015601635"|C12||||||R16|
737|"48.148605013266206, 17.207073988392949"|||||||R16|
738|"48.148553045466542, 17.207160657271743"|C13||||||R16|
739|"48.147714016959071, 17.209167033433914"|C13||||||R16|
740|"48.147839996963739, 17.208044026046991"|C8|C13|||||R16|
741|"48.147619972005486, 17.207933971658349"|||||||R16|
742|"48.146941959857941, 17.210121983662248"|C8X||||||R16|
743|"48.146927962079644, 17.210300015285611"|||||||R16|
744|"48.1467230245471, 17.210523979738355"|||||||R16|
745|"48.146623028442264, 17.210508976131678"|C8|C13|||||R16|
748|"48.145926995202899, 17.211207021027803"|C8X||||||R16|
749|"48.14575701020658, 17.211317997425795"|||||||R16|
751|"48.144908007234335, 17.211626032367349"|C12|C12X|C16|||ZOSADNI Z BICYKLA|R16|
752|"48.14483399502933, 17.211701972410083"|C8|C8X|C16|||ZOSADNI Z BICYKLA|R16|
753|"48.142530983313918, 17.213644981384277"|C8|C8X|C16|||ZOSADNI Z BICYKLA|R16|
754|"48.142542969435453, 17.214024011045694"|C8|C8X|C16|||ZOSADNI Z BICYKLA|R16|
755|"48.139005973935127, 17.216470018029213"|C8||||||R16|
756|"48.135049967095256, 17.218338008970022"|C12|C12X|||||R16|
757|"48.130766982212663, 17.220564996823668"|C8||||||R16|
758|"48.146010814234614, 17.211338113993406"|C8||||||R16|
759|"48.147676968947053, 17.209335006773472"|C13||||||R16|
761|"48.147865645587444, 17.206086348742247"|C8||||||R16|
762|"48.147819964215159, 17.20612901262939"|C8||||||R16|
763|"48.147943010553718, 17.206594962626696"|C8|C12|||||R16|
764|"48.148465035483241, 17.205846961587667"|C12|C12|||||R16|
765|"48.148201005533338, 17.206439981237054"|||||||R16|
766|"48.147305985912681, 17.206488009542227"|C12|IP7|||||R16|
767|"48.147162990644574, 17.206629998981953"|C13||||||R16|
768|"48.147554006427526, 17.207917040213943"|C13||||||R16|
769|"48.14728201366961, 17.206386001780629"|C12||||||R16|
770|"48.146041994914412, 17.204541983082891"|C8|C13|||||R16|
7711|"48.144225971773267, 17.199533963575959"|||||||R16|
772|"48.142840024083853, 17.196445986628532"|C8|C8X|||||R27|
773|"48.130105985328555, 17.162216976284981"|C8||||||R27|
774|"48.12985997647047, 17.161843981593847"|C8||||||R27|
775|"48.129871040582657, 17.161799976602197"|C8||||||R27|
776|"48.129871962592006, 17.159125981852412"|||||||R27|
777|"48.129789987578988, 17.157240975648165"|||||||001|
778|"48.1334020011127, 17.155095962807536"|B3||||||001|
779|"48.133641975000501, 17.154911980032921"|B3||||||001|
780|"48.137231022119522, 17.151997005566955"|B3||||||001|
781|"48.137321965768933, 17.151937996968627"|IP7||||||001|
782|"48.137765033170581, 17.152865035459399"|IP7||||||001|
783|"48.137929989024997, 17.152968971058726"|C12X|IP7|||||001|
785|"48.139013014733791, 17.152293976396322"|C12|C13|||||001|
786|"48.140058992430568, 17.152005974203348"|C12|C12X|||||001|
787|"48.140102997422218, 17.151489984244108"|||||||001|2001
788|"48.140078019350767, 17.104305988177657"|||||||R19|
789|"48.136521996930242, 17.104531964287162"|||||||R19|
790|"48.136500958353281, 17.104442026466131"|C13||||||R19|
791|"48.132315035909414, 17.09990800358355"|||||||R19|
792|"48.131525041535497, 17.099785963073373"|||||||R19|
793|"48.13155697658658, 17.099901968613267"|||||||R19|
794|"48.131554964929819, 17.099809013307095"|||||||R19|
797|"48.130946019664407, 17.099401988089085"|||||||R19|
798|"48.130842000246048, 17.099259998649359"|IP7||||||R19|
799|"48.130639996379614, 17.099244995042682"|C16|||||SPOAĽ|R19|
800|"48.126607965677977, 17.099428977817297"|C16|||||SPOAĽ|R19|
801|"48.12650403007865, 17.09945403970778"|||||||R19|
802|"48.126434041187167, 17.099441969767213"|C13|C16|B3|||SPOAĽ|R19|
803|"48.125757034868002, 17.099353037774563"|||||||R19|
804|"48.125436007976532, 17.099324958398938"|C13|C16|B3|||SPOAĽ|R19|
805|"48.125316984951496, 17.099334010854363"|C13|C16||||SPOAĽ|R19|
806|"48.122795959934592, 17.09906998090446"|C13|C16||||ZOSADNI Z BICYKLA|R19|
807|"48.122153989970684, 17.098776027560234"|C12||||||R19|
808|"48.121253019198775, 17.098056022077799"|C12||||||R19|
809|"48.121172972023487, 17.0980179682374"|C8||||||R19|
810|"48.118910025805235, 17.09608200006187"|C8|C12|||||R19|
811|"48.118284987285733, 17.095743035897613"|||||||R19|
812|"48.118162024766207, 17.095670029520988"|C8|C12|||||R19|
813|"48.117771008983254, 17.095431983470917"|IP7||||||R19|
814|"48.117487030103803, 17.095278007909656"|IP7||||||R19|
815|"48.116844976320863, 17.094936026260257"|IP7||||||R19|
816|"48.116358993574977, 17.094659004360437"|||||||R19|
817|"48.116013994440436, 17.094479966908693"|||||||R19|
818|"48.114988971501589, 17.093832967802882"|||||||R19|
819|"48.114410536363721, 17.093193596228957"|||||||R19|
821|"48.113991022109985, 17.09281800314784"|C16|||||ZOSADNI Z BICYKLA|R19|
822|"48.11372397467494, 17.092565037310123"|C16|||||ZOSADNI Z BICYKLA|R19|
823|"48.113100025802851, 17.092047035694122"|||||||R19|
824|"48.112833984196186, 17.091798009350896"|||||||R19|
825|"48.112500971183181, 17.091541020199656"|C8|C13|||||R19|
826|"48.112329980358481, 17.091299034655094"|IP7||||||R19|
827|"48.11223903670907, 17.09124899469316"|C13X|IP7|||||R19|
828|"48.111738972365856, 17.090924028307199"|||||||R19|
829|"48.111454742029309, 17.090695286169648"|||||||R19|
830|"48.109804010018706, 17.089318977668881"|||||||R19|
831|"48.109659003093839, 17.089197020977736"|C13||||||R19|
832|"48.109233034774661, 17.088851016014814"|||||||R19|
833|"48.108960036188364, 17.088638031855226"|C8|C13|||||R19|
834|"48.108768006786704, 17.088504005223513"|||||||R19|
835|"48.108757026493549, 17.088501993566751"|C8X||||||R19|
836|"48.108851993456483, 17.08856200799346"|C8||||||R19|
837|"48.10875803232193, 17.088626967743039"|C24B|IP7|||||R19|
838|"48.108371961861849, 17.088331002742052"|C24A||||||R19|
839|"48.110884018242359, 17.101456979289651"|C12||||||O5|
840|"48.110592998564243, 17.10506496950984"|||||||O5|
841|"48.1105952616781, 17.105169408023357"|||||||O5|
843|"48.11049903742969, 17.110597025603056"|||||||5006|
844|"48.110555028542876, 17.11050096899271"|B3|C16||||ZOSADNI Z BICYKLA|5006|
845|"48.118075020611286, 17.107475018128753"|||||||5006|
846|"48.123399037867785, 17.112461999058723"|B3|C16||||ZOSADNI Z BICYKLA|5006|
847|"48.123341035097837, 17.113156020641327"|B3|C12|C16|||ZOSADNI Z BICYKLA|5006|
848|"48.127484964206815, 17.118896031752229"|B3||||||5006|
849|"48.127685962244868, 17.119114967063069"|||||||S385|
851|"48.132184026762843, 17.116655968129635"|||||||5006|
852|"48.133361013606191, 17.116929972544312"|||||||001|5006
855|"48.142092023044825, 17.13179100304842"|C8|C16||||ZOSADNI Z BICYKLA|R27|
856|"48.141792034730315, 17.141374032944441"|C8|C13|IS40C||||R27|
857|"48.141707964241505, 17.142292018979788"|C12|C13|||||R27|
858|"48.140646982938051, 17.144281966611743"|C8|C13|IP7||||R27|
859|"48.140582023188472, 17.144686980172992"|C8|IP7|||||R27|
860|"48.139510983601213, 17.146964007988572"|C8|C8|||||001|R27
861|"48.140787966549397, 17.15248198248446"|C12|C16||||ZÍĎ Z BICYKLA|2001|
862|"48.143768990412354, 17.151953000575304"|C12|C16||||ZÍĎ Z BICYKLA|2001|
863|"48.15770298242569, 17.1687469817698"|||||||R16|
864|"48.15684299916029, 17.149354023858905"|||||||S461|
865|"48.156729005277157, 17.149270959198475"|C8||||||S461|
866|"48.157978998497128, 17.1492990385741"|C8||||||S461|
867|"48.161542983725667, 17.16548097319901"|C12||||||Ostredky|
868|"48.164822990074754, 17.164802039042115"|C12||||||Ostredky|
869|"48.157988972961903, 17.165921023115516"|C12||||||R16|Ostredky
870|"48.161992002278566, 17.171518038958311"|C12||||||Ostredky|
871|"48.161265961825848, 17.171759018674493"|C12|C12X|||||Ostredky|
872|"48.160815015435219, 17.165623968467116"|C12||||||Ostredky|
873|"48.160957004874945, 17.167956987395883"|C12||||||S563|
874|"48.158170022070408, 17.168452022597194"|C12||||||S563|R16
876|"48.140078019350767, 17.152688009664416"|||||||2001|
877|"48.140093022957444, 17.151417983695865"|C8|C12|||||001|
878|"48.139533028006554, 17.147185038775206"|C8||||||001|
879|"48.131011985242367, 17.13518600910902"|C8||||||001|
880|"48.131937012076378, 17.13400399312377"|B3||||||001|
881|N48° 08.137' E17° 07.215'|B3||||||001|
882|"48.135284995660186, 17.115031974390149"|||||||001|
884|"48.135289018973708, 17.114996016025543"|C24A|E16B|IS40E||||001|
885|"48.135235039517283, 17.114427974447608"|C24B||||||001|
886|"48.136601960286498, 17.104486031457782"|C24A||||||001|
887|"48.136143973097205, 17.101815976202488"|C24A|B3|E16C||||001|
889|"48.128457013517618, 17.073815977200866"|||||||001|
890|"48.123388979583979, 17.069449005648494"|C8|C8|C8|B3|B3||001|
891|"48.122460013255477, 17.063370030373335"|||||||001|
896|"48.134630033746362, 17.105056000873446"|C12|C12X|||||O3|
897|"48.132599014788866, 17.106358967721462"|||||||O3|
898|"48.132713008671999, 17.106230976060033"|C13|C13X|C12||||O3|
899|"48.132138010114431, 17.103490009903908"|||||||S391|
900|"48.1319859623909, 17.106379000470042"|C12||||||S391|
901|"48.132659029215574, 17.106290990486741"|C13|C13X|||||O3|
902|"48.131979005411267, 17.107262033969164"|C13|C13|C12|C12X|||O3|
903|"48.131909016519785, 17.108338018879294"|||||||O3|
904|"48.131829975172877, 17.111116033047438"|C13||||||O3|
907|"48.131993003189564, 17.116582039743662"|C8X|C13|C16|||ZOSADNI Z BICYKLA|5006|
908|"48.132293997332454, 17.116374000906944"|IP7||||||5006|
909|"48.132278993725777, 17.115730019286275"|C8||||||5006|
910|"48.132574036717415, 17.115708980709314"|C8||||||5006|
911|"48.132341019809246, 17.115752985700965"|IP7||||||5006|
912|"48.132931021973491, 17.115513011813164"|C8||||||5006|
913|"48.125953003764153, 17.096894038841128"|C13||||||Gercenova|
914|"48.126520039513707, 17.098072031512856"|C13||||||Gercenova|
915|"48.126624980941415, 17.098372019827366"|C13||||||Gercenova|
916|"48.126566978171468, 17.099082972854376"|||||||Gercenova|
917|"48.126555997878313, 17.099357983097434"|||||||Gercenova|
922|"48.141420967876911, 17.104637995362282"|||||||R19|
923|"48.140838006511331, 17.103508030995727"|||||||R19|
924|"48.141400013118982, 17.104157963767648"|||||||R19|
926|"48.176561007276177, 17.047840040177107"|C12||||||R11|
927|"48.177557028830051, 17.046654000878334"|C12||||||R11|
928|"48.177850982174277, 17.046248987317085"|||||||R11|
929|"48.177933041006327, 17.046833960339427"|C13||||||R11|
930|"48.17933700978756, 17.045064959675074"|||||||R11|
931|"48.205689964815974, 17.01828695833683"|||||||R11|
932|"48.205607989802957, 17.018297016620636"|C13|C13X|||||R11|
933|"48.207068033516407, 17.020109016448259"|C13|C13X|||||R11|
934|"48.2362109888345, 17.034877007827163"|C13|C13X|||||S821|
935|"48.23599599301815, 17.035610508173704"|C13||||||S821|
936|"48.2359329611063, 17.035779990255833"|C13||||||S821|
937|"48.235254026949406, 17.036281982436776"|C13X||||||S821|
938|"48.235149001702666, 17.036390025168657"|||||||S821|
939|"48.235108014196157, 17.036691019311547"|||||||S821|
940|"48.235161993652582, 17.036966029554605"|C13|C13X|||||S821|
941|"48.233419982716441, 17.039082963019609"|C13||||||S821|
942|"48.233343036845326, 17.039202991873026"|C13||||||S821|
943|"48.23232295922935, 17.040559016168118"|C13|C13X|||||S821|
944|"48.211159994825721, 16.968478001654148"|C12||||||004|
946|"48.210909040644765, 16.968959039077163"|C8||||||2014|
947|"48.21062003262341, 16.969485003501177"|C8||||||2014|
948|"48.210569992661476, 16.969988001510501"|C13|C18|||||2014|
949|"48.21066303178668, 16.968760974705219"||C13|||||2014|
950|"48.211058992892504, 16.96431596763432"|||||||2014|
951|"48.211118336766958, 16.96846098639071"|||||||004|
952|"48.180059026926756, 16.979153025895357"|||||||004|
953|"48.179677985608578, 16.979312030598521"|||||||004|
954|"48.180245021358132, 16.979415966197848"|C8|C8X|||||004|
955|"48.17538402043283, 16.978920008987188"|C8|C8X|||||004|
956|"48.174971966072917, 16.978470990434289"|B3||||||004|
957|"48.174616992473602, 16.976832998916507"|C12|C12|||||004|
958|"48.171811988577247, 16.978894025087357"|C12|C13|||||004|
959|"48.17145299166441, 16.979972021654248"|C12||||||004|
960|"48.171017970889807, 16.982872998341918"|C8|C8X|||||004|
961|"48.170900037512183, 16.983529971912503"|||||||004|
962|"48.170791994780302, 16.986635969951749"|C8|C8X|||||004|
963|"48.170690992847085, 16.987356981262565"|||||||004|
964|"48.169830003753304, 16.991094974800944"|C8||||||004|
965|"48.169864034280181, 16.991264959797263"|||||||004|
966|"48.148913970217109, 17.043718993663788"|C12|C18||||vzor|004|
967|"48.148396974429488, 17.045107036828995"|C12||||||004|
968|"48.148451959714293, 17.044957000762224"|C12||||||004|
969|"48.146855961531401, 17.051239991560578"|C12||||||004|
970|"48.146829977631569, 17.051447024568915"|C12||||||004|
971|"48.146797036752105, 17.051553977653384"|C12||||||004|
972|"48.146713972091675, 17.051561018452048"|C12||||||004|
973|"48.146759988740087, 17.052110033109784"|||||||004|
974|"48.146869037300348, 17.058976991102099"|||||||004|
975|"48.146986970677972, 17.065389985218644"|C12|C12|C12X|C12X|||004|
980|"48.143962025642395, 17.112990980967879"|C24B||||||O1|
981|"48.144226977601647, 17.112945970147848"|C8||||||R16|O1
982|N48° 08.686' E17° 06.786'|C8X|C12|||||O1|
983|"48.144772304221988, 17.113063484430313"|C24A||||||R16|O1
984|"48.145711999386549, 17.113850964233279"|||||||R16|
985|"48.146782033145428, 17.114908006042242"|||||||R16|
988|"48.151612021028996, 17.120037982240319"|C24B||||||R16|
989|"48.15177203156054, 17.12006296031177"|||||||R16|
990|"48.151753004640341, 17.12006296031177"|||||||R16|
993|"48.144192025065422, 17.11275695823133"|||||||R16|
996|"48.129266873002052, 17.130172206088901"|||||||S480|
997|"48.126304959878325, 17.130992040038109"|||||||S480|
998|"48.125897012650967, 17.131279036402702"|||||||S480|
999|"48.124308977276087, 17.132778977975249"|||||||S480|
1000|"48.124081995338202, 17.132764980196953"|||||||S480|
1003|"48.120936015620828, 17.13494997471571"|C13||||||S480|
1004|"48.120714984834194, 17.135015018284321"|C13||||||S480|
1005|"48.11683701351285, 17.133813975378871"|C12||||||S480|
1006|"48.11737303622067, 17.133427988737822"|||||||S480|
1007|"48.123729033395648, 17.131524039432406"|||||||S480|
1010|"48.127732984721661, 17.119196020066738"|||||||5006|
1011|"48.127681855112314, 17.119207251816988"|||||||5006|
1012|"48.119590971618891, 17.118658991530538"|C12|C12X|||||R48|
1013|"48.118758983910084, 17.119353013113141"|||||||R48|
1014|"48.118184991180897, 17.119754003360868"|||||||R48|
1015|"48.116722013801336, 17.120824037119746"|||||||R48|
1016|"48.116608019918203, 17.120742984116077"|||||||R48|
1017|"48.11653702519834, 17.120801992714405"|||||||R48|
1018|"48.115942999720573, 17.121606990695"|||||||R48|
1019|"48.115333970636129, 17.122130021452904"|||||||R48|
1020|"48.115052003413439, 17.122379969805479"|||||||R48|
1021|"48.113471008837223, 17.123729037120938"|||||||R48|
1022|"48.112513041123748, 17.12440000846982"|||||||R48|
1023|"48.112465012818575, 17.124345023185015"|||||||R48|
1024|"48.112143985927105, 17.124905018135905"|C12|C16||||Zosadni z bicykla|R48|
1025|"48.111270004883409, 17.125824009999633"|||||||R48|
1026|"48.110625017434359, 17.126422980800271"|C8||||||R48|
1027|"48.110288986936212, 17.126758005470037"|||||||R48|
1028|"48.111113011837006, 17.127296039834619"|||||||S480|
1029|"48.106533978134394, 17.123254034668207"|||||||S480|
1030|"48.105839034542441, 17.122625978663564"|||||||S480|
1031|"48.105685980990529, 17.122454987838864"|||||||S480|
1032|"48.101113988086581, 17.12109100073576"|C12|IP7|||||S480|
1033|"48.100418038666248, 17.121083959937096"|||||||S480|
1034|"48.09945797547698, 17.120843986049294"|C12||||||S480|
1035|"48.098438987508416, 17.120058014988899"|||||||S480|
1036|"48.096072021871805, 17.120520025491714"|||||||S480|
1039|"48.100276971235871, 17.114640958607197"|C8|C8X|||||5006|
1040|"48.100502025336027, 17.12369198910892"|B3|C16||||ZOSADNI Z BICYKLA|5006|
1041|"48.100418960675597, 17.123883012682199"|B3|C16||||ZOSADNI Z BICYKLA|5006|
1042|"48.099909005686641, 17.130882991477847"|||||||5006|
1043|"48.099538022652268, 17.131310971453786"|||||||001|
1044|"48.108309013769031, 17.111516017466784"|||||||5006|
1045|"48.110351013019681, 17.110653016716242"|B3|C16||||ZOSADNI Z BICYKLA|5006|
1046|"48.107697973027825, 17.098470004275441"|C12||||||S590|
1047|"48.108098963275552, 17.100082011893392"|C12||||||S590|
1053|"48.134393999353051, 17.128365989774466"|C8||||||001|O3
1054|"48.140135016292334, 17.129108039662242"|C8|C8X|||||O3|
1055|"48.147620977833867, 17.124650962650776"|C12|C12X|||||O2|
1056|"48.149156793951988, 17.12515345774591"|C12|C12X|||||O2|
1057|"48.1493029743433, 17.125181034207344"|C12|C12X|||||O2|
1058|"48.150389017537236, 17.125499965623021"|C12|C12X|||||O2|
1060|"48.146688994020224, 17.132935971021652"|C24A||||||O3|
1061|"48.147790040820837, 17.133580036461353"|||||||O3|
1062|"48.14792700111866, 17.133670980110765"|C24A||||||O3|
1063|"48.149306997656822, 17.134561976417899"|C24A||||||O3|R26
1064|"48.149127960205078, 17.135305032134056"|||||||R26|
1065|"48.149089990183711, 17.135438974946737"|||||||R26|
1066|"48.149101976305246, 17.135535031557083"|IP7||||||R26|
1067|"48.149189986288548, 17.13559496216476"|||||||R26|
1068|"48.149274978786707, 17.135637039318681"|||||||R26|
1069|"48.149372041225433, 17.135676015168428"|IP7||||||R26|
1070|"48.149480000138283, 17.135655982419848"|C8|C8|||||R26|
1071|"48.150235963985324, 17.137057017534971"|IP7||||||R26|
1072|"48.150282986462116, 17.137139998376369"|IP7||||||R26|
1076|"48.15128437243402, 17.138809589669108"|P1||||||R26|
1086|"48.149406993761659, 17.135570989921689"|||||||R26|
1087|"48.149391990154982, 17.13539999909699"||IP7|||||R26|
1088|"48.149616960436106, 17.134568011388183"|||||||R26|
1090|"48.149697007611394, 17.134358966723084"|C24A||||||O3|R26
1091|"48.14928000792861, 17.134139025583863"|||||||O3|
1092|"48.149115974083543, 17.134049003943801"|C24A|IP7|||||O3|
1093|"48.147985003888607, 17.13346503674984"|C24A||||||O3|
1094|"48.146636020392179, 17.132666995748878"|C24B||||||O3|
1095|N48° 08.690' E17° 06.763'|IP7||||||O1|
1097|N48° 08.705' E17° 06.700'|B3||||||O1|
1098|N48° 08.677' E17° 06.756'|B3||||||O1|
1100|"48.179260985925794, 17.152271009981632"|C13|C13X|||||R14|
1101|"48.179078008979559, 17.151634991168976"|||||||R14|
1102|"48.178335959091783, 17.149475980550051"|||||||R14|
1103|"48.1782659702003, 17.149250004440546"|||||||R14|
1104|"48.177931029349566, 17.148201009258628"|C13|C13X|||||R14|
1105|"48.176410971209407, 17.145465994253755"|C12|C12X|||||S541|
1106|"48.176926961168647, 17.144444994628429"|||||||S541|
1107|"48.177087977528572, 17.144092032685876"|||||||S541|
1108|"48.177378997206688, 17.143441010266542"|||||||S541|
1109|"48.178609041497111, 17.140666013583541"|||||||S541|
1110|"48.179077003151178, 17.139644008129835"|||||||S541|
1111|"48.180396985262632, 17.13675300590694"|||||||S541|
1112|"48.181000985205173, 17.135234959423542"|C12|C12X|||||S541|
1113|"48.181050019338727, 17.135183997452259"|C12|C12X|||||S541|
1115|"48.182146036997437, 17.136155040934682"|||||||S541|
1116|"48.187049031257629, 17.134934971109033"|C12||||||R13|
1117|"48.188333977013826, 17.136197034269571"|||||||R13|
1118|"48.189481040462852, 17.137587005272508"|||||||R13|
1119|"48.189767030999064, 17.137546017765999"|||||||R13|
1120|"48.190057966858149, 17.137560015544295"|||||||R13|
1122|"48.192409006878734, 17.140168966725469"|B3||||||R13|
1123|"48.193805012851954, 17.141689024865627"|B3|IS40B|IS40D||||R13|
1134|"48.059736974537373, 17.208489021286368"|||||||001|
1135|"48.07260001078248, 17.16636199504137"|||||||001|
1136|"48.073283974081278, 17.165702003985643"|||||||001|
1137|"48.105373000726104, 17.146819001063704"|B3||||||001|
1138|"48.111497992649674, 17.146276021376252"|||||||001|
1139|"48.120391024276614, 17.149337008595467"|B3||||||001|
1140|"48.123235004022717, 17.152166990563273"|B3||||||001|
1141|"48.123483024537563, 17.151861973106861"|B3||||||001|
1142|"48.123524012044072, 17.151824003085494"|||||||001|
1143|"48.123084967955947, 17.154744006693363"|C24A|IP7|||||001|
1144|"48.123059989884496, 17.154852971434593"|C24B|IP7|||||001|
1145|"48.122743992134929, 17.155770035460591"|||||||001|
1146|"48.122729994356632, 17.155910013243556"|||||||001|
1147|"48.123385962098837, 17.158761033788323"|||||||001|
1148|"48.123475983738899, 17.158804032951593"|||||||001|
1149|"48.123832968994975, 17.158967982977629"|C24A|IP7|||||001|
1150|"48.123857025057077, 17.159059010446072"|C24B|IP7|||||001|
1151|"48.12874099239707, 17.158816019073129"|IP7||||||001|
1152|"48.128822967410088, 17.158772014081478"|C8|C8X|||||001|
1153|"48.129876991733909, 17.158551989123225"|C8|C8X|IP7||||001|
1154|"48.129913033917546, 17.158500021323562"|IP7||||||001|
1155|"48.129846984520555, 17.157225972041488"|B1||||||001|
1156|"48.130553998053074, 17.135591022670269"|B3||||||001|
1157|"48.126443009823561, 17.137683983892202"|B3|B3|||||001|
1158|"48.108848975971341, 17.126155011355877"|C8|C8X|||||001|
1159|"48.105433015152812, 17.128050997853279"|C8|C8X|||||001|
1160|"48.104919958859682, 17.128477972000837"|C8|C8X|||||001|
1161|"48.100300943478942, 17.131673404946923"|C8X||||||001|
1162|"48.098466983065009, 17.130895983427763"|C8|C8X|||||001|
1163|"48.093258971348405, 17.133050970733166"|C8|C8X|||||001|
1165|"48.069265019148588, 17.144090021029115"|B3|E16C|||||001|
1166|"48.069265019148588, 17.144089015200734"|||||||001|
1167|"48.057652981951833, 17.158838985487819"|C8||||||001|O9
1168|"48.057633033022285, 17.1491729747504"|C8|B3|||||O9|
1169|"48.057320974767208, 17.146607022732496"|||||||O9|
1170|"48.057178985327482, 17.146519012749195"|||||||O9|
1171|"48.056802051141858, 17.145703369751573"|C8|IP7|||||O9|
1172|"48.05669903755188, 17.145623993128538"|||||||O9|
1173|"48.056663582101464, 17.145577808842063"|C12|IP7|||||O9|
1174|"48.056669030338526, 17.145425425842404"|C12|IP7|||||O9|
1175|"48.055971991270781, 17.144541973248124"|C12||||||O9|
1176|"48.055875012651086, 17.144378023222089"|C8|C12X|C18||||O9|
1177|"48.055272018536925, 17.143206987529993"|||||||O9|
1178|"48.055188031867146, 17.143034990876913"|C13||||||O9|
1179|"48.05470397695899, 17.142220018431544"|||||||O9|
1180|"48.054630970582366, 17.142095966264606"|C13||||||O9|
1181|"48.05437901057303, 17.141634961590171"|||||||O9|
1182|"48.054260993376374, 17.141451984643936"|C13||||||O9|
1183|"48.054042980074883, 17.141076978296041"|C18||||||O9|
1184|"48.027443010360003, 17.204920006915927"|B3||||||001|
1185|"48.027375033125281, 17.205023020505905"|C8||||||001|
1186|"48.027346031740308, 17.206236971542239"|C8|C8|C16|||SPOMAĽ|001|
1187|"48.024718975648284, 17.215763004496694"|C8||||||001|
1188|"48.024720987305045, 17.215480031445622"|||||||001|
1189|"48.109042011201382, 17.126254001632333"|C13||||||001|S480
1190|"48.109209984540939, 17.125858040526509"|C13|IS40D|IS40D|IS40D|IS40D||S480|
1191|"48.111130027100444, 17.12749301455915"|||||||S480|
1192|"48.112059999257326, 17.127997018396854"|||||||S480|
1193|"48.112502982839942, 17.124793035909534"|||||||S480|
1194|"48.112377002835274, 17.127987965941429"|||||||S480|
1195|"48.115747030824423, 17.131947996094823"|C13|C16||||ZOSADNI Z BICYKLA|S480|
1196|"48.115947023034096, 17.132171038538218"|C13|C16||||ZOSADNI Z BICYKLA|S480|
1197|"48.116698041558266, 17.132992967963219"|C13|C16||||ZOSADNI Z BICYKLA|S480|
1198|"48.116790996864438, 17.132947035133839"|||||||S480|
1199|"48.117001969367266, 17.133285999298096"|||||||S480|
1200|"48.117016972973943, 17.133293962106109"|||||||S480|
1201|"48.117284020408988, 17.13342497125268"|||||||S480|
1202|"48.117336994037032, 17.133410973474383"|C13|C16||||ZOSADNI Z BICYKLA|S480|
1203|"48.14756297506392, 17.207842022180557"|IP7||||||R16|
1204|"48.145552659407258, 17.211485048756003"|C12 C13||||||R16|
1205|"48.133228998631239, 17.219109982252121"|||||||R16|
1206|"48.13151297159493, 17.219890002161264"|||||||R16|
1207|"48.147069029510021, 17.210258021950722"|IP7||||||R16|
1208|"48.147245300933719, 17.21006347797811"|||||||R16|
1209|"48.150191036984324, 17.065256964415312"|IS40F|IS40F|||||R11|
1210|"48.159294035285711, 17.056121025234461"|IS40F|IS40F|||||R11|
1211|"48.160546962171793, 17.055125003680587"|IS40F||||||R11|
1212|"48.161620013415813, 17.054757960140705"|B3||||||R11|
1213|"48.165598986670375, 17.051588008180261"|B3|IS40F|||||R11|
1214|"48.169668987393379, 17.050482016056776"|IS40A|IS40F|||||R11|
1215|"48.204558910802007, 17.035991968587041"|C13|C18|||||R11|
1216|"48.203993970528245, 17.033542022109032"|C12|C13|||||R11|
1217|"48.203817028552294, 17.032072003930807"|C12|IP7|||||R11|
1218|"48.203854914754629, 17.031867234036326"|C13||||||R11|
1219|N48° 12.392' E17° 01.525'|C13|C13X|||||R11|
1220|N48° 12.399' E17° 01.517'|C13|C13X|||||R11|
1221|"48.212164985015988, 17.01602996326983"|||||||R11|
1222|"48.210651967674494, 16.969356006011367"|C13||||||2014|
1223|"48.210664037615061, 16.968916961923242"||||||SČÍTAČ CYKLISTOV|2014|
1224|"48.170006023719907, 16.9908900372684"|IP7||||||004|
1225|"48.169935029000044, 16.990851983428001"|IP7||||||004|
1226|"48.158242022618651, 17.00799398124218"|IS40G|IP7|||||004|
1227|"48.158192234113812, 17.0081293489784"|||||||004|
1228|"48.158279992640018, 17.008215012028813"|E16C|IS40F|||||004|
1229|"48.154424652457237, 17.019793353974819"|B3|IP7|||||004|
1230|"48.154363632202148, 17.01971716247499"|IP7||||||004|
1231|"48.13981625251472, 17.105100257322192"|||||||R11|
1232|"48.139756908640265, 17.105100257322192"|||||||R11|
1233|"48.140441961586475, 17.093366011977196"|||||||R11|
1234|"48.140667015686631, 17.092578029260039"|||||||R11|
1235|"48.140579843893647, 17.124612322077155"|C8X||||||R27|
1236|"48.14057263545692, 17.124781049787998"|||||||R27|
1237|"48.14042997546494, 17.126430021598935"|C8|C8X|||||R27|
1238|"48.140394017100334, 17.127460995689034"|C8||||||R27|
1239|"48.140260996297002, 17.128475038334727"|C8|C8|||||R27|
1240|"48.140271976590157, 17.128821965306997"|C8|B3|||||R27|
1241|"48.140395022928715, 17.129260003566742"|C8X||||||R27|
1242|"48.149172971025109, 17.150341998785734"|C12|C12X|||||2001|
1243|"48.149196021258831, 17.150064976885915"|C12|C12X|||||2001|
1244|"48.149502966552973, 17.149741016328335"||C12X|||||2001|
1245|"48.149867998436093, 17.149544963613153"|C12|C12X|||||2001|
1246|"48.151654517278075, 17.148253731429577"|C12||||||2001|
1247|"48.151716040447354, 17.148216012865305"|C12||||||2001|
1248|"48.152308976277709, 17.147893980145454"|C12|C12X|||||2001|
1249|"48.152562025934458, 17.147698011249304"|C12|C12X|||||2001|
1250|"48.153381021693349, 17.147218650206923"|C12|C12X|||||2001|
1251|"48.153517562896013, 17.14712611399591"|C12|IP7|||||2001|
1253|"48.158447965979576, 17.177359974011779"|C12||||||R16|
1254|"48.158083017915487, 17.177470028400421"|C12||||||R16|
1255|"48.158552991226315, 17.173555009067059"|||||||R16|
1256|"48.158543016761541, 17.173415031284094"|||||||R16|
1257|"48.157050032168627, 17.154545020312071"|IS40C|IS40C|||||R16|
1258|"48.160646958276629, 17.154251988977194"|||||||R16|
1259|"48.156837970018387, 17.151405997574329"|C12|C16||||ZÍĎ Z BICYKLA|R16|
1260|"48.151200218126178, 17.138666342943907"|P1||||||R26|
1261|"48.152290033176541, 17.140470966696739"|IP7||||||R26|
1262|"48.152329092845321, 17.140583116561174"|IP7||||||R26|
1263|"48.152462029829621, 17.140808925032616"|||||||R26|
1264|"48.152507962659001, 17.140924008563161"|C8||||||R26|
1265|"48.152817925438285, 17.141790194436908"|IP7||||||R26|
1266|"48.152855644002557, 17.14192078448832"|IP7||||||R26|
1267|"48.153747981414199, 17.145151002332568"|||||||R26|
1268|"48.153779413551092, 17.145260721445084"|||||||R26|
1269|"48.153905142098665, 17.145723318681121"|C8X||||||R26|
1272|"48.152532018721104, 17.118952022865415"|C13||||||R20|
1273|"48.151849899441004, 17.119755344465375"|C13|C13X|||||R20|
1274|"48.151761889457703, 17.119918623939157"|IP7||||||R20|
1275|"48.151722326874733, 17.120002945885062"|IP7||||||R20|
1276|"48.151632305234671, 17.120048627257347"|IP7||||||R20|
1277|"48.151587378233671, 17.120067654177547"|IP7||||||R20|
1279|"48.144099991768599, 17.112931972369552"|IP7||||||R16|
1282|"48.144100829958916, 17.112813116982579"|IP7||||||R17|
1283|"48.144136788323522, 17.113074297085404"|C8||||||R17|
1284|"48.144373912364244, 17.11369464173913"|E16B||||||R17|
1285|"48.144881017506123, 17.116547003388405"|E16C|C8X|||||R17|
1286|"48.14887398853898, 17.113058036193252"|||||||R14|
1287|"48.155669113621116, 17.124426914379001"|C12||||||R14|
1289|"48.148885974660516, 17.113025011494756"|B3||||||R14|
1290|"48.149923989549279, 17.113991025835276"|C12||||||R14|
1291|"48.140441039577127, 17.104928009212017"|C13|IS40E|IS40F|IS40F|||R19|
1292|"48.122424138709903, 17.062222212553024"|||||||001|
1293|"48.141792034730315, 17.141144033521414"|IS40D|IS40D|||||R27|
1295|"48.195650037378073, 17.14090003632009"|IS40D|IS40D|||||R13|
1296|"48.197293980047107, 17.173053016886115"|||||||R84|
1297|"48.196738008409739, 17.175799012184143"|C24A||||||R84|
1298|"48.196254037320614, 17.178698983043432"|C24B||||||R84|
1299|"48.196212965995073, 17.178924959152937"|||||||R84|
1300|"48.196192011237144, 17.179399961605668"|C24A||||||R84|
1301|"48.195498660206795, 17.189692100510001"|C24B|IP7|||||R84|
1302|"48.195348959416151, 17.20701003447175"|C12||||||R84|
1303|"48.196150017902255, 17.20735402777791"|C12|IS40F|||||R84|
1304|"48.1962910015136, 17.207386968657374"|IS40I||||||R84|S R14 a R84
1305|"48.195534618571401, 17.189708361402154"|IP7||||||R84|
1306|"48.195803007110953, 17.189739039167762"|IP7||||||R84|
1307|"48.19586000405252, 17.189667038619518"|IP7||||||R84|
1308|"48.196426033973694, 17.191013004630804"|||||||R84|
1309|"48.196532987058163, 17.191030019894242"|||||||R84|
1310|"48.195911971852183, 17.189798969775438"|||||||R84|
1311|"48.195674009621143, 17.189278034493327"|C24A||||||R84|
1312|"48.196282032877207, 17.178985979408026"|C24B||||||R84|
1313|"48.196309022605419, 17.178780036047101"|||||||R84|
1314|"48.196350010111928, 17.178515000268817"|C24A||||||R84|
1315|"48.19678645581007, 17.175768166780472"|C24B||||||R84|
1316|"48.197327004745603, 17.17313096858561"|||||||R84|
1317|"48.217349024489522, 17.167028021067381"|C8|C8X|IS40G|IS40G|IS40C||R13|
1318|"48.217443991452456, 17.168656038120389"|C8|C8X|||||R13|
1319|"48.217399986460805, 17.168725021183491"|IS40G|IS40G|||||R13|
1320|"48.221853040158749, 17.176690008491278"|IS40C|IS40C|||||R13|
1335|"48.206081986427307, 17.206424223259091"|IP7||||||R14|
1336|"48.206112580373883, 17.206345349550247"|IP7||||||R14|
1337|"48.20505796931684, 17.205137349665165"|||||||R14|
1338|"48.2050237711519, 17.205238016322255"|IP7||||||R14|
1339|"48.205447979271412, 17.205706983804703"|C8||||||R14|
1340|"48.206028006970882, 17.206436041742563"|C8X|IS40D|||||R14|
1341|"48.205793984234333, 17.20705202780664"|||||||R14|
1342|"48.20514103397727, 17.208337979391217"|IP7||||||R14|
1343|"48.204981191083789, 17.208489272743464"|IP7||||||R14|
1344|"48.202513977885246, 17.203664984554052"|C8|C8X|IP7|IS40G|||R14|
1345|"48.202496962621808, 17.203503968194127"|IP7|IS40G|||||R14|
1346|"48.202915973961353, 17.204685984179378"|||||||R14|
1347|"48.202995015308261, 17.204844988882542"|C8||||||R14|
1348|"48.203289974480867, 17.205544961616397"|||||||R14|
1349|"48.203881988301873, 17.206823034211993"|C24A||||||R14|
1350|"48.204520018771291, 17.207778990268707"|C24A||||||R14|
1351|"48.20522602647543, 17.209033006802201"|IS40H||||||R14|
1352|"48.205253938212991, 17.209149934351444"|C24A|C8X|||||R14|
1353|"48.20462403818965, 17.210178980603814"|C24A|E16B|||||R14|
1354|"48.205991964787245, 17.212735963985324"|C24A|E16B|||||R14|
1355|"48.208412993699312, 17.219326989725232"|C24A|E16C|||||R14|
1356|"48.209200976416469, 17.219619015231729"|IP7|IS40H|||||R14|
1357|"48.209250010550022, 17.219940964132547"|||||||R14|
1358|"48.209230983629823, 17.219566041603684"|C12|C12|IS40G||||R14|
1359|"48.209166023880243, 17.21949202939868"|E16B||||||R14|
1360|"48.206721022725105, 17.213987968862057"|E16B||||||R14|
1361|"48.206670982763171, 17.213903982192278"|||||||R14|
1362|"48.205966986715794, 17.212491966784"|E16B||||||R14|
1363|"48.204676005989313, 17.210117960348725"|E16B|IS40H|||||R14|
1364|"48.205319987609982, 17.209131997078657"|||||||R14|
1365|"48.205385031178594, 17.209102995693684"|C8|IP7|||||R14|
1366|"48.205466000363231, 17.209018003195524"|IS40G|IP7|IP7||||R14|
1367|"48.205429958179593, 17.208961006253958"|C8|IP7|||||R14|
1368|"48.205037014558911, 17.208317024633288"|C8|IS40A|IS40B||||R14|
1369|"48.203979805111885, 17.206576857715845"|IP7||||||R14|
1370|"48.203915096819401, 17.206446267664433"|C8|IP7|||||R14|
1371|"48.204979011788964, 17.204855969175696"|C8|IP7|||||R14|
1372|"48.204671982675791, 17.204455984756351"|||||||R14|
1373|"48.204621020704508, 17.2044119797647"|IP7||||||R14|
1374|"48.204040993005037, 17.203591978177428"|C8|C8X|||||R14|
1375|"48.203985001891851, 17.203429033979774"|IP7||||||R14|
1376|"48.203934961929917, 17.203180007636547"|IP7||||||R14|
1377|"48.203940996900201, 17.20305897295475"|E16B|C24A|||||R14|
1378|"48.203779980540276, 17.202859986573458"|||||||R14|
1379|"48.203933201730251, 17.203129464760423"|IP7||||||R14|
1380|"48.201896985992789, 17.199454000219703"|E16B|C24A|IS40F||||R14|
1381|"48.222077004611492, 17.177766999229789"|IS40C|IS40C|||||R13|
1382|"48.217372996732593, 17.166844960302114"|IS40A||||||R13|
1383|"48.217189013957977, 17.164874961599708"|IS40G||||||R13|
1384|"48.217151965945959, 17.164419991895556"|IS40H||||||R13|
1385|"48.215106027200818, 17.1549959667027"|C12||||||Spojka Pri vinohradoch - Žarnovická|
1386|"48.214384010061622, 17.155627962201834"|C12||||||Spojka Pri vinohradoch - Žarnovická|
1387|"48.214321983978152, 17.152694966644049"|IS40A|IS40C|||||R13|
1388|"48.214203966781497, 17.152120973914862"|IS40C|IS40C|||||R13|
1389|"48.212719028815627, 17.148876003921032"|IS40A|IS40D|||||R13|
1390|"48.212700001895428, 17.148696966469288"|IS40C|IS40C|||||R13|
1391|"48.212521970272064, 17.148780031129718"|IS40A|IS40D|||||R13|
1392|"48.211183967068791, 17.146713975816965"|IS40G|IS40H|||||R13|
1393|"48.21094298735261, 17.146815983578563"|IS40H||||||R13|
1394|"48.20849203504622, 17.150352979078889"|IS40H||||||R13|
1395|"48.207942014560103, 17.150532016530633"|IS40G||||||R13|
1396|"48.204149035736918, 17.147487960755825"|IS40G||||||R13|
1397|"48.201590040698647, 17.144111981615424"|IS40G||||||R13|
1398|"48.201585011556745, 17.144329994916916"|IS40H||||||R13|
1399|"48.200932983309031, 17.145681995898485"|IS40H||||||R13|
1400|"48.196243979036808, 17.141518034040928"|IS40A|IS40D|||||R13|
1401|"48.195863021537662, 17.141409991309047"|IS40G||||||R13|
1402|"48.195991013199091, 17.14115995913744"|IS40C|IS40D|||||R13|
1403|"48.19562598131597, 17.14098603464663"|IS40D|IS40D|||||R13|
1404|"48.135442994534969, 17.120097996667027"|IS40H||||||001|
1405|"48.133172001689672, 17.122237980365753"|||||||001|
1406|"48.132848041132092, 17.122249966487288"|||||||001|
1407|"48.131544990465045, 17.120192963629961"|||||||001|
1408|"48.131464021280408, 17.119992971420288"|||||||001|
1409|"48.131612967699766, 17.116477014496922"|||||||001|5006
1410|"48.133538961410522, 17.115043960511684"|IS40H||||||001|5006
1411|"48.133784970268607, 17.11468898691237"|IS40G||||||001|5006
1412|"48.135049967095256, 17.115158038213849"|IS40G||||||001|5006
1413|"48.131852019578218, 17.109669987112284"|||||||O3|
1414|"48.131783958524466, 17.11275695823133"|C13||||||001|
1415|"48.130570007488132, 17.1123699657619"|C13||||||001|
1416|"48.13671100884676, 17.106470027938485"||||||SčíTAč CYKLISTOV|001|
1418|"48.145897993817925, 17.107203025370836"|||||||R14|
1419|"48.145959014073014, 17.107355995103717"|||||||R14|
1420|"48.146093040704727, 17.10766201838851"|||||||R14|
1421|"48.138551004230976, 17.152514001354575"|C12|C13|||||001|
1422|"48.124006977304816, 17.154252994805574"|C24B||||||001|
1423|"48.106346977874637, 17.123108021914959"|||||||S480|
1424|"48.099800040945411, 17.131391018629074"|C8||||||001|5006
1425|"48.100004978477955, 17.130293995141983"|||||||5006|
1426|"48.118068985641003, 17.107484992593527"|||||||5006|
1427|"48.118088012561202, 17.107335962355137"|||||||5006|
1428|"48.127771038562059, 17.118555977940559"|||||||5006|
1429|"48.127687973901629, 17.119069034233689"|C12|C12X|||||5006|
1430|"48.127820994704962, 17.116948999464512"|C8||||||R18|5006
1431|"48.127998188138008, 17.116967607289553"|C8||||||R18|
1432|"48.127414975315332, 17.118849009275436"|C8|C8X|||||R18|
1433|"48.127370970323682, 17.123888041824102"|C13||||||S385|
1434|"48.130951970815659, 17.134524006396532"|||||||S480|
1435|"48.141719028353691, 17.142435014247894"|IS40B||||||R27|
1436|"48.149328958243132, 17.124814996495843"|||||||R20|
1437|"48.149482011795044, 17.123816041275859"|||||||R20|
1438|"48.149272967129946, 17.122232029214501"|||||||R20|
1439|"48.149163750931621, 17.121357126161456"|||||||R20|
1440|"48.149094013497233, 17.121394006535411"|||||||R20|
1441|"48.149222005158663, 17.122322972863913"|||||||R20|
1442|"48.149362988770008, 17.124627074226737"|C24A||||||R20|
1443|"48.149316301569343, 17.124760430306196"|||||||R20|
1444|"48.156192982569337, 17.107027005404234"|C24A||||||R20|
1445|"48.156824978068471, 17.106691980734468"|C24B||||||R20|
1446|"48.157947733998299, 17.106546889990568"|||||||R20|
1447|"48.157947985455394, 17.106015980243683"|||||||R20|
1448|"48.157813204452395, 17.10608571767807"|||||||R20|
1451|"48.155864998698235, 17.107062041759491"|||||||R20|
1452|"48.140583029016852, 17.128878040239215"|||||||R27|
1453|"48.140370966866612, 17.128730015829206"|C8|IP7|||||R27|
1454|"48.140427963808179, 17.128778966143727"|C12|C12|C13|IP7|||R27|
1455|"48.140289997681975, 17.128747031092644"|||||||R27|
1456|"48.122775005176663, 17.137057017534971"|B3|B3|||||001|
1457|"48.108627023175359, 17.126529011875391"|||||||001|
1458|"48.100520968437195, 17.131571983918548"|||||||001|
1459|"48.099343981593847, 17.131270989775658"|B3||||||001|
1460|"48.092928975820541, 17.132396008819342"|||||||001|
1461|"48.06901004165411, 17.144245002418756"|||||||001|
1462|"48.027664963155985, 17.20634501427412"|||||||001|
1463|"48.0265779979527, 17.20615298487246"|C8||||||001|
1464|"48.019079966470599, 17.207572963088751"|C8||||||001|
1465|"48.05687740445137, 17.146277027204633"|||||||O9|
1466|"48.056893581524491, 17.146037556231022"|||||||O9|
1467|"48.05575598962605, 17.14412203989923"|||||||O9|
1468|"48.053943989798427, 17.14083700440824"|C13||||||O9|
1469|"48.117003059014678, 17.1206986438483"|||||||R48|
1470|"48.113375874236226, 17.123809671029449"|||||||R48|
1471|"48.135275021195412, 17.104331972077489"|C13|C16||||ZOSADNI Z BICYKLA|R19|
1472|"48.132231971248984, 17.102804034948349"|C13|C16||||ZOSADNI Z BICYKLA|R19|
1473|"48.132218979299068, 17.101093959063292"|C13|C16||||ZOSADNI Z BICYKLA|R19|
1474|"48.132250998169184, 17.100892039015889"|C13|C16||||ZOSADNI Z BICYKLA|R19|
1475|"48.132229959592223, 17.099867016077042"|C8|C13|||||R19|
1476|"48.131667030975223, 17.099774982780218"|C13|C16||||ZOSADNI Z BICYKLA|R19|
1477|"48.129486981779337, 17.100241016596556"|||||||R19|
1478|"48.129632994532585, 17.099553029984236"|||||||R19|
1481|"48.129915967583656, 17.099166959524155"|||||||R19|
1482|"48.119441941380501, 17.096497491002083"|||||||R19|
1487|"48.109918003901839, 17.089469013735652"|C13||||||R19|
1488|"48.114378182217479, 17.093299711123109"|C18||||||R19|
1489|"48.121015643700957, 17.097775563597679"|||||||R19|
1490|N48° 10.290' E17° 09.610'|C12|C12X|||||S551|
1495|N48° 12.817' E17° 09.082'|IS40A|IS40C|||||R13|
1496|N48° 12.019' E17° 08.804'|IS40G||||||R13|
1497|N48° 11.672' E17° 08.405'|IS40G|IS40H|||||R13|
1499|N48° 11.402' E17° 08.253'|IS40D|IS40D|IS40G|IS40G|||2001|
1500|N48° 09.369' E17° 08.804'|C12|C13|||||2001|
1501|N48° 09.267' E17° 08.796'|C12X||||||2001|
1505|N48° 08.992' E17° 11.384'|IS40A|IS40A||||ŠTRKOVEC|2001|
1506|N48° 09.138' E17° 11.374'|IS40D|||||ŠTRKOVEC|2001|
1507|N48° 12.295' E17° 12.514'|IS40A|IS40D|IP7||||R14|
1515|N48° 08.120' E17° 07.003'|C12||||||001|
1516|N48° 08.112' E17° 06.912'|B3||||||001|
1518|N48° 03.468' E17° 09.528'|||||||001|
1519|N48° 03.481' E17° 09.552'|||||||001|
1520|N48° 03.125' E17° 09.986'|C13||||||001|
1521|N48° 03.137' E17° 10.003'|C13||||||001|
1522|N48° 09.379' E17° 03.545'|IS40F||||||R11|
1523|N48° 09.394' E17° 03.537'|IS40F||||||R11|
1525|N48° 09.238' E17° 08.816'|IS40C|IS40C|IS40C|IS40C|||2001|
1527|N48° 08.474' E17° 07.001'|IP7|IP7|||||R18|
1529|N48° 08.483' E17° 07.005'|C24A||||||R18|
1531|N48° 08.518' E17° 06.970'|C8X||||||R18|
1533|N48° 08.517' E17° 06.929'|C13|B3|||||R18|
1534|N48° 08.589' E17° 06.819'|C13X||||||O1|
2001|"48.145930347964168,17.119712429121137"|C24A||||||R17|
2002|"48.146684132516384, 17.121918546035886"|C24B||||||R17|
2007|lat="48.141089966520667" lon="17.117937812581658"|C13|C13X|||||R18|
2008|lat="48.13997115008533" lon="17.117239683866501"|C13||||||R18|
2009|lat="48.135914476588368" lon="17.116962075233459"|C12||||||R18|
2010|lat="48.149327952414751" lon="17.10863390006125"|||||||R12|
2011|lat="48.151438180357218" lon="17.109619025141001"|||||||R12|
2012|lat="48.151556784287095" lon="17.10976897738874"|||||||R12|
2200|N48° 09.276' E17° 08.791'|C12|C13|||||2001|
2201|N48° 09.282' E17° 08.788'|IP7||||||2001|
2202|N48° 09.291' E17° 08.783'|C13|IP7|||||2001|
2203|N48° 08.647' E17° 11.982'|C12||||||R16|
2204|N48° 08.657' E17° 11.971'|C12|C12|C12X||||R16|
2205|N48° 08.645' E17° 12.003'|C8|C12|||||R16|
2206|N48° 08.788' E17° 12.306'|C12|C12|||||R16|
2212|N48° 12.355' E17° 12.384'|IP7||||||R14|
2213|N48° 12.358' E17° 12.387'|IP7||||||R14|
2214|N48° 12.351' E17° 12.204'|E16C||||||Skuteckeho|
2215|N48° 12.369' E17° 12.224'|E16C||||||Skuteckeho|
2216|N48° 12.410' E17° 12.286'|E16B||||||Skuteckeho|
2230|48.130147475749254, 17.221179222688079|C8||||||O8|
2231|48.13080009073019, 17.220697849988937|||||||O8|
2232|N48° 07.842' E17° 13.224'|C8||||||R16|
2233|48.130601104348898, 17.22020055167377|C24A||||||O8|
2278|48.154069678857923, 17.127144243568182|||||||S250|
2279|48.154825810343027, 17.127665849402547|E16B||||||S250|
2280|48.156890440732241, 17.128227185457945|||||||S250|
2281|48.157533500343561, 17.129112314432859|||||||S250|
2282|48.157537020742893, 17.129067722707987|E16B||||||S250|
2283|48.154050149023533, 17.127028573304415|||||||S250|
2284|N48° 09.391' E17° 07.659'|E16C||||||O8|
2285|48.145675202831626, 17.196686128154397|||||||R16|
2286|48.144805915653706, 17.199169937521219|||||||R16|
2290|48.100310750305653, 17.120610047131777|C8|IP7|||||Spojka S480 a 5006|
2291|48.100375374779105, 17.120614154264331|C8|IP7|||||Spojka S480 a 5006|
2292|48.100706376135349, 17.121018916368484|C8||||||Spojka S480 a 5006|
2293|48.131592599675059, 17.099675908684731|IP7||||||R19|
2294|48.131609112024307, 17.099485890939832|IP7||||||R19|
2295|48.130999663844705, 17.099436018615961|C13|C13X|||||R19|
2296|48.130953311920166, 17.099542720243335|||||||R19|
2298|48.100557597354054, 17.121013635769486|C12||||||S480|
2299|48.197233211249113, 17.140017757192254|C12||||||Spojka Kadnárova a Hubeného|
2300|48.196869101375341, 17.141056274995208|C12||||||Spojka Kadnárova a Hubeného|
2301|48.197531523182988, 17.142299562692642|C12||||||Spojka Kadnárova a Hubeného|
2302|48.197945673018694, 17.141115535050631|C12||||||Spojka Kadnárova a Hubeného|
2303|48.147572865709662, 17.209049016237259|||||||R16|
2304|48.203184194862843, 17.20182616263628|||||||R14|
2310|48.164617801085114, 17.12287156842649|E16c||||||S330|
2311|48.163689756765962, 17.122374186292291|E16b||||||S330|
2312|48.163631502538919, 17.122022900730371|E16c||||||S330|
2313|48.162952484562993, 17.1216812543571|E16b||||||S330|
2314|48.162919711321592, 17.12149023078382|E16c||||||S330|
2315|48.162018489092588, 17.120897965505719|E16b||||||S330|
2316|48.140102913603187, 17.095701713114977||IP7|||||Spojka R11 a S112|
2317|48.14033567905426, 17.095796260982752|C12|C12|C12X|C12X|IP7||Spojka R11 a S112|
2318|48.140435172244906, 17.095588222146034|IP7|C12|C12X||||Spojka R11 a S112|
2319|48.140485463663936, 17.09534372203052|C12|IP7|||||Spojka R11 a S112|
2328|48.140608258545399, 17.126314183697104|C8|C8|C13|IP7|||S271|
2329|48.140667686238885, 17.126838136464357|||||||S271|
2330|48.140667099505663, 17.126923128962517|C8X||||||S271|
2332|N48° 09.890' E17° 08.909'|IP7||||||R35|
2333|N48° 09.893' E17° 08.918'|IP7||||||R35|
2334|N48° 08.433' E17° 05.680'|C12|C12X|||||Spojka R11 a S112|
2335|N48° 12.031' E17° 08.808'|||||||R13|
2336|N48° 12.444' E17° 09.002'|||||||R13|
2338|N48° 09.345' E17° 07.478'|C12||||||R14|
2339|N48° 09.355' E17° 07.491'|C12X||||||R14|
2340|N48° 09.348' E17° 07.459'|C8||||||R14|
2341|N48° 09.346' E17° 07.455'|C8X||||||R14|
2342|N48° 11.473' E17° 08.112'|C13|C13|||||R13|
2343|N48° 11.532' E17° 08.121'|C13||||||R13|
2346|N48° 11.929' E17° 11.870'|C24A||||||R14|
2347|N48° 11.698' E17° 11.928'|C24B||||||R14|
2348|N48° 11.699' E17° 11.935'|C24A||||||R14|
2349|N48° 11.930' E17° 11.878'|C24B||||||R14|
2350|N48° 09.688' E17° 09.862'|C12|C12X|||||S360|
2351|N48° 09.681' E17° 09.754'|C12|C12X|||||S360|
2352|48.054568693041801, 17.142250863835216|E16B||||||R18|
2353|N48° 03.237' E17° 08.582'|E16B|E16C|||||R18|
2354|48.0526536796242, 17.144598634913564|E16C||||||R18|
2355|48.050165176391602, 17.147684097290039|E16C||||||R18|
2356|48.046821719035506, 17.151789385825396|E16B||||||R18|
2357|48.054443383589387, 17.143862200900912|E16C||||||R18|
2358|48.0526536796242, 17.144598634913564|E16C||||||R18|
2359|48.053983887657523, 17.143038176000118|E16D||||||R18|
2360|N48° 08.184' E17° 06.574'|E16B|E16C|||||001|
2361|N48° 08.206' E17° 06.470'|E16B||||||001|
2362|N48° 08.208' E17° 06.424'|E16B||||||001|
2363|N48° 08.397' E17° 06.309'|IS40E|IS40F|IS40F|C16||ZOSADNI Z BICYKLA|O1|R11
2364|N48° 08.448' E17° 06.370'|IS40G||||||O1|
2365|N48° 08.435' E17° 06.326'|IS40E|IS40F|||||O1|
2366|N48° 08.442' E17° 06.377'|IS40G||||||O1|
2367|N48° 08.465' E17° 06.287'|IS40F|IS40G|IS40G||||O1|
2368|N48° 08.450' E17° 06.292'|IS40E|IS40F|IS40F||||O1|001
2369|N48° 08.459' E17° 06.218'|IS40F|IS40H|IS40H||||O1|001
2370|N48° 08.492' E17° 06.243'|IS40F|IS40G|||||O1|001
2371|N48° 08.527' E17° 06.249'|IS40F|IS40D|||||O1|001
2372|N48° 08.531' E17° 06.229'|IS40H|IS40D|||||O1|001
2373|N48° 08.626' E17° 06.220'|E16B|IS40F|||||O1|001
2374|N48° 08.661' E17° 06.205'|IS40C|IS40C|IS40B||||O1|001
2375|N48° 08.665' E17° 06.200'|IS40F||||||O1|001
2376|N48° 08.679' E17° 06.193'|IS40F||||||O1|
2377|N48° 08.685' E17° 06.186'|IS40B|IS40C|IS40C||||O1|
2378|N48° 08.669' E17° 06.214'|IS40A|IS40D|IS40D|IS40F|||O1|
2379|N48° 08.750' E17° 06.425'|IS40E||||||O1|
2381|N48° 08.713' E17° 06.783'|IS40J||||||R16|
2382|N48° 08.607' E17° 06.784'|IS40C|IS40D|||||O1|
2383|N48° 08.603' E17° 06.781'|B3||||||O1|
2384|N48° 08.593' E17° 06.754'|C24A|IS40F|||||O1|
2385|N48° 08.561' E17° 06.687'|||||||O1|R18
2386|N48° 08.545' E17° 06.669'|C24A||||||O1|R18
2387|N48° 08.592' E17° 06.770'|C24A|IS40C|IS40D||||O1|R18
2388|N48° 08.544' E17° 06.644'|IS40F||||||O1|R18
2389|N48° 08.522' E17° 06.590'|IS40B|IS40B|||||O1|R18
2390|N48° 08.524' E17° 06.607'|IS40F|IS40F|||||O1|R18
2391|N48° 08.511' E17° 06.548'|IS40F||||||O1|
2392|N48° 08.503' E17° 06.555'|IS40F||||||O1|
2393|48.168341293931007, 17.137678703293204|E16B||||||S441|
2394|48.16944376565516, 17.135173603892326|E16C|E16C|||||S441|
2395|48.169823884963989, 17.133359676226974|E16B||||||S441|
2396|48.170388657599688, 17.133777514100075|E16B||||||S441|
2397|48.170637432485819, 17.133060861378908|E16C||||||S441|
2398|48.170330403372645, 17.133846497163177|E16B||||||S441|
2399|48.169978279620409, 17.134620733559132|E16B||||||S441|
2400|48.169726906344295, 17.135303188115358|E16C||||||S441|
2401|N48° 10.153' E17° 08.094'|E16B||||||S441|
2402|N48° 08.675' E17° 06.893'|||||||R17|
2403|N48° 10.412' E17° 09.505'|C12|C12X|||||S551|
2404|N48° 10.439' E17° 09.510'|E16B||||||S551|
2405|N48° 10.558' E17° 09.403'|E16B|E16C|||||S551|
2406|N48° 10.577' E17° 09.411'|E16C||||||S551|
2407|N48° 10.567' E17° 09.430'|E16B||||||S551|
2408|N48° 10.566' E17° 09.446'|E16B||||||S551|
2409|N48° 10.571' E17° 09.423'|E16B||||||S551|
2410|N48° 10.481' E17° 09.572'|E16C||||||S551|
2411|N48° 10.380' E17° 07.299'|C8||||||O5|
2412|N48° 10.289' E17° 07.345'|C8||||||O5|
2413|N48° 10.488' E16° 58.646'|||||||004|
2414|N48° 10.481' E16° 58.585'|||||||004|
2415|N48° 10.456' E16° 58.591'|||||||004|
2416|N48° 12.408' E17° 12.298'|E16C||||||Skuteckeho|
2417|N48° 12.393' E17° 12.380'|IP7|IS40G|IS40H||||Skuteckeho|
2418|N48° 12.399' E17° 12.356'|||||||Skuteckeho|
2419|N48° 12.399' E17° 12.366'|IS40H||||||Skuteckeho|
2420|N48° 12.402' E17° 12.349'|E16B||||||Skuteckeho|
2421|N48° 12.396' E17° 12.381'|||||||Skuteckeho|
2422|48.198622511699796, 17.195330522954464|C24A||||||S840|
2423|48.198480438441038, 17.195008657872677|C24A||||||S840|
2424|48.198066959157586, 17.19419670291245|||||||S840|
2425|48.196916626766324, 17.19195001758635|C24B||||||S840|
2426|48.196700038388371, 17.191533353179693|C24A||||||S840|
2427|48.195877019315958, 17.189821936190128|C24B||||||S840|
2428|48.195785991847515, 17.189785894006491|C24A||||||S840|
2429|48.196801459416747, 17.191862007603049|C24B||||||S840|
2430|48.196883350610733, 17.192066693678498|C24A||||||S840|
2431|48.198508517816663, 17.195328427478671|C24B||||||S840|
2432|48.198704654350877, 17.195718856528401|C24A||||||S840|
2433|48.19928334094584, 17.19698335044086|||||||S840|
2436|48.157769283279777, 17.168699456378818|C12|C12X|||||S563|
2437|48.15755981951952, 17.168695097789168|C12|C12X|||||S563|
2438|48.157103508710861, 17.168823508545756|C12|C12|C12X|C12X|||S563|
2439|48.156867306679487, 17.168821077793837|C12|C12|C12X|C12X|||S563|
2440|48.156585423275828, 17.168875057250261|C12|C12X|||||S563|
2441|48.155797105282545, 17.16894781216979|C12|C12|C12X|C12X|||S563|
2442|48.155653104186058, 17.168987207114697|C12|C12X|||||S563|
2443|48.155218753963709, 17.168991733342409|C12|C12|C12X|C12X|||S563|
2444|48.154937792569399, 17.168866759166121|C12|C12X|||||S563|
2445|48.154816841706634, 17.169237658381462|C12|C12X|||||S563|
2446|48.154691280797124, 17.169060045853257|||||||S563|
2447|48.153791399672627, 17.168612452223897|C12|C12X|||||S563|
2448|N48° 07.318' E17° 08.058'|||||||S480|
2449|N48° 08.634' E17° 04.510'|C12|C12X|||||R11|
2450|N48° 08.539' E17° 05.070'|C12|C12X|||||R11|
2451|N48° 08.433' E17° 05.575'|C12|C12|||||R11|
2452|N48° 08.373' E17° 06.320'|C12|C12X|||||R11|
2453|N48° 09.343' E17° 06.161'|B3||||||R12|
2454|N48° 10.586' E17° 04.037'|||||||S520|
2455|N48° 10.569' E17° 04.008'|C8|C8|||||S520|
2456|N48° 10.569' E17° 04.000'|IP7||||||S520|
2457|N48° 10.572' E17° 03.996'|IP7||||||S520|
2458|N48° 14.112' E17° 02.178'|C13|C13X|||||S821|
2459|N48° 09.035' E17° 07.067'|||||||R16|
2460|N48° 08.743' E17° 06.832'|||||||R16|
2461|N48° 09.043' E17° 07.085'|||||||R16|
2462|N48° 08.445' E17° 06.385'|||||||O1|
2463|N48° 08.743' E17° 06.523'|||||||O1|
2465|N48° 08.728' E17° 06.624'|C24A||||||O1|
2466|N48° 08.717' E17° 06.679'|||||||O1|
2467|N48° 08.693' E17° 06.731'|||||||O1|
2468|N48° 08.688' E17° 06.739'|IP7|IS40E|B3||||O1|
2469|N48° 08.694' E17° 06.748'|IP7||||||O1|
2470|N48° 08.746' E17° 06.499'|IS40E||||||O1|
2472|N48° 09.988' E17° 06.125'|E16B|||||||
2473|N48° 09.984' E17° 06.126'|E16C|E16D||||||
2474|N48° 09.773' E17° 07.471'|C24A||||||R13|
2475|N48° 09.715' E17° 07.425'|IP7||||||R13|
2476|N48° 09.710' E17° 07.439'|IP7||||||R13|
2477|N48° 10.406' E17° 08.221'|E16C|E16C|||||S441|
2478|N48° 10.383' E17° 07.561'|E16C||||||O5|
2479|N48° 10.556' E17° 07.505'|E16C||||||O5|
2480|N48° 10.395' E17° 07.564'|E16B||||||O5|
2481|N48° 09.703' E17° 07.437'|C13||||||R13|
2482|N48° 09.663' E17° 07.408'|C12||||||R13|
|||||||||
2646|N48° 08.741' E17° 06.518'|IS40H||||||O1|
2647|N48° 08.674' E17° 06.917'|||||||R17|
2648|N48° 08.743' E17° 06.470'|||||||O1|
2649|N48° 08.442' E17° 05.551'|||||||R11|
2650|N48° 08.397' E17° 05.913'|||||||R11|
2651|N48° 08.629' E17° 04.540'|B1||||||R11|
2652|N48° 07.937' E17° 06.976'|IP7||||||5006|
2653|N48° 07.782' E17° 09.780'|||||||R27|
2654|N48° 07.790' E17° 09.813'|||||||R27|
2655|N48° 11.535' E17° 08.124'|C13|IP7|||||R13|
2656|N48° 05.584' E17° 07.951'|C8||||||001|
2657|N48° 08.629' E17° 09.125'|C12|C16||||ZOSADNI Z BICYKLA|2001|
2658|N48° 09.015' E17° 09.635'|C12|C12X|C8X|C16||ZOSADNI Z BICYKLA|R36|S463
2659|N48° 09.015' E17° 09.623'|C12|C12X|||||R36|
2660|N48° 09.012' E17° 09.617'|C12|C12X|||||R36|
2661|N48° 09.002' E17° 09.521'|C12|C12X|||||R36|
2662|N48° 08.999' E17° 09.480'|C12|C12|C12X|C12X|||R36|
2663|N48° 09.000' E17° 09.458'|C12|C12X|||||R36|
2664|N48° 09.001' E17° 09.433'|C12|C12X|||||R36|
2665|N48° 08.986' E17° 09.279'|C12|C12X|||||R36|
2666|N48° 09.017' E17° 09.639'|||||||S463|
2667|N48° 09.139' E17° 09.619'|||||||S463|
2668|N48° 09.147' E17° 09.608'|C24A||||||S463|
2669|N48° 09.081' E17° 09.629'|C24A||||||S463|
2670|N48° 09.028' E17° 09.636'|C8||||||S463|
2671|N48° 08.769' E17° 06.420'|IS40E||||||O1|
2672|N48° 12.257' E17° 01.808'|||||||R11|
2673|N48° 12.254' E17° 01.811'|||||||R11|
2674|N48° 09.703' E17° 07.437'|C13||||||R13|
2675|N48° 09.663' E17° 07.408'|C12||||||R13|
|||||||||
760|"48.148627728223801, 17.206891681998968"|C8||||||R16|
8811|"48.135609040036798, 17.120243003591895"|B3|IS40G|||||001|
8881|"48.138212040066719, 17.075337041169405"|||||||001|
11641|"48.069251021370292, 17.144084991887212"|||||||001|
|||||||||
2676|N48° 11.548' E17° 08.136'|||||||R13|
2677|N48° 13.311' E17° 10.594'|IS40C||||||R13|
2678|N48° 12.002' E17° 12.159'|IS40G|IS40H|||||R14|
2679|N48° 12.032' E17° 12.118'|IS40H||||||R14|
2680|N48° 11.956' E17° 11.942'|C24A|C24B|IS40G||||R14|
2681|N48° 11.993' E17° 11.902'|C24A|C24B|||||R14|
2682|N48° 08.668' E17° 09.140'|IP7||||||R14|
2683|N48° 11.886' E17° 02.762'|||||||O7|
2684|N48° 11.796' E17° 02.959'|||||||O7|
2685|N48° 11.678' E17° 03.272'|||||||O7|
2686|N48° 11.642' E17° 03.373'|||||||O7|
2687|N48° 11.636' E17° 03.395'|||||||O7|
2688|N48° 09.180' E17° 03.731'|IS40F||||||R11|
2689|N48° 09.205' E17° 03.719'|IS40F||||||R11|
2690|N48° 10.216' E17° 03.023'|IS40B|IS40F|||||R11|
2691|N48° 09.789' E17° 02.739'|C12||||||S510|
2692|N48° 09.766' E17° 02.724'|C12||||||S510|
2693|N48° 09.736' E17° 02.769'|||||||S510|
2694|N48° 09.740' E17° 02.707'|C12||||||S510|
2695|N48° 09.708' E17° 02.740'|||||||S510|
2696|N48° 08.586' E17° 04.793'|C12|C12|||||R11|
2697|N48° 08.548' E17° 04.981'|C12|C12|||||R11|
2698|N48° 08.393' E17° 05.809'|C12|C12|||||R11|
2699|N48° 08.385' E17° 05.974'|C12|C12|||||R11|
2700|N48° 08.382' E17° 06.096'|C12|C12|||||R11|
2701|N48° 08.379' E17° 06.195'|C12|C12|||||R11|
2702|N48° 08.403' E17° 06.278'|C12||||||R19|
2703|N48° 08.191' E17° 06.281'|C8|C9|||||R19|
2704|N48° 08.524' E17° 07.779'|C8|C8X|||||O3|
2705|N48° 05.572' E17° 07.996'|B3||||||001|
2706|N48° 04.207' E17° 08.647'|B3||||||001|
2707|N48° 04.158' E17° 08.712'|B3||||||001|
2708|N48° 05.584' E17° 07.998'|B3||||||001|
2709|N48° 06.022' E17° 07.317'|C8||||||5006|
2710|N48° 06.049' E17° 07.263'|C8|IP7|||||S480|
2711|N48° 06.056' E17° 07.264'|C8|IS40E|IS40F||||S480|
2712|N48° 08.526' E17° 06.971'|||||||R18|
2713|N48° 08.623' E17° 06.788'|IS40B|IS40D|||||O1|
2714|N48° 08.434' E17° 09.171'|C13|C13|IS40C|IS40F|||2001|
2715|N48° 08.585' E17° 09.228'|||||||2001|
2716|N48° 08.644' E17° 09.228'|IS40C|IS40D|IS40D||||2001|
2717|N48° 04.327' E17° 08.502'|B3||||||001|
2718|N48° 04.147' E17° 08.615'|B3||||||001|
2719|N48° 11.574' E17° 03.502'|||||||O7|
2720|N48° 11.553' E17° 03.527'|||||||O7|
2721|N48° 11.572' E17° 03.518'|||||||O7|
2722|N48° 11.586' E17° 03.509'|||||||O7|
2723|N48° 11.633' E17° 03.447'|||||||O7|
2724|N48° 11.639' E17° 03.426'|||||||O7|
2725|N48° 11.690' E17° 03.255'|||||||O7|
2726|N48° 11.746' E17° 03.118'|||||||O7|
2727|N48° 11.822' E17° 02.937'|||||||O7|
2728|N48° 11.854' E17° 02.891'|||||||O7|
2729|N48° 11.892' E17° 02.826'|||||||O7|
2730|N48° 08.132' E17° 06.918'|||||||001|
2731|N48° 08.135' E17° 06.913'|||||||001|
2732|N48° 08.652' E17° 07.396'|C16|||||ZOSADNI Z BICYKLA|O2|
2733|N48° 08.662' E17° 07.400'|C8|C8X|||||O2|
2734|N48° 08.679' E17° 07.411'|||||||O2|
2735|N48° 08.684' E17° 07.411'|||||||O2|
2736|N48° 08.728' E17° 07.429'|||||||O2|
2737|N48° 09.158' E17° 07.142'|C8X||||||R14|
2738|||||||||
2739|||||||||
2740|||||||||
2741|||||||||
2742|||||||||
2743|||||||||
